learning_level,learner_count,mean_mastery,mean_error_rate,mean_response_time
A1,44,51.45569886098749,0.5937767023000071,42.00144345601259
A2,26,50.55845551776346,0.6216415544317933,43.14360491042919
B1,23,57.62420682843844,0.5233249173636944,42.88213338845344
B2,7,67.81509162463463,0.3756366566097656,43.53278770750668
