question_type,error_rate
grammar,0.5698900605788647
listening,0.5485707214453657
reading,0.5586114166972252
vocabulary,0.5996273677673118
