metric,adaptive_mean,traditional_mean,mean_difference,t_statistic,p_value,cohens_d_paired,significant_at_0_05
mastery_growth,13.671275653594302,3.035080057545451,10.636195596048848,30.889928955060185,1.2414311028048983e-52,3.0889928955060184,True
learning_speed,0.019243153579093317,0.01008823411800603,0.009154919461087286,18.961851589269056,9.997203614425428e-35,1.8961851589269054,True
error_reduction,0.30794422925616705,0.13781685259577103,0.170127376660396,47.11330477539794,1.3091347109683042e-69,4.711330477539795,True
engagement,0.99848217336695,0.9678420600110055,0.030640113355944684,6.639021618086223,1.7093024280760697e-09,0.6639021618086223,True
